fname,label
00326aa9.wav,Oboe Clarinet Saxophone
0038a046.wav,Tambourine Bark Hi-hat
007759c4.wav,Clarinet Flute Saxophone
008afd93.wav,Clarinet Trumpet Saxophone
00ae03f6.wav,Laughter Chime Telephone
00eac343.wav,Oboe Bus Cowbell
010a0b3a.wav,Fart Laughter Tambourine
01a5a2a3.wav,Laughter Fireworks Squeak
01bb344f.wav,Cello Acoustic_guitar Writing
02107093.wav,Hi-hat Keys_jangling Knock
02198549.wav,Drawer_open_or_close Keys_jangling Tambourine
023eab1f.wav,Squeak Burping_or_eructation Double_bass
028db587.wav,Bass_drum Double_bass Cowbell
02960f07.wav,Tambourine Laughter Drawer_open_or_close
02fb6c5b.wav,Hi-hat Keys_jangling Knock
030db750.wav,Laughter Tambourine Oboe
03319789.wav,Tambourine Hi-hat Saxophone
0381efd3.wav,Double_bass Gong Electric_piano
03c5bfbb.wav,Burping_or_eructation Tambourine Shatter
0422b811.wav,Bass_drum Hi-hat Snare_drum
0459ee65.wav,Oboe Clarinet Saxophone
04605af5.wav,Laughter Fart Tambourine
046486df.wav,Tambourine Laughter Squeak
047bf19c.wav,Oboe Clarinet Flute
04ab46a9.wav,Double_bass Cello Gong
04ab4e22.wav,Tambourine Hi-hat Bass_drum
04b249bd.wav,Squeak Tambourine Burping_or_eructation
04ecda67.wav,Knock Keys_jangling Hi-hat
053e7bb5.wav,Tambourine Snare_drum Bass_drum
05723b3a.wav,Cello Double_bass Acoustic_guitar
057425e6.wav,Squeak Tambourine Burping_or_eructation
0586f0e0.wav,Tambourine Burping_or_eructation Shatter
058e63ea.wav,Tambourine Hi-hat Shatter
059d5420.wav,Oboe Clarinet Saxophone
05ad10fb.wav,Saxophone Cello Acoustic_guitar
05c8453f.wav,Applause Fireworks Squeak
05fc58ee.wav,Snare_drum Bass_drum Cowbell
06123abf.wav,Double_bass Gong Hi-hat
0638da1a.wav,Snare_drum Cowbell Bass_drum
06775f3c.wav,Laughter Fart Squeak
06c535eb.wav,Laughter Meow Fart
06e4c394.wav,Oboe Clarinet Violin_or_fiddle
07063bc9.wav,Squeak Tambourine Laughter
0716b51d.wav,Bass_drum Snare_drum Double_bass
0761d26b.wav,Applause Fart Fireworks
07682400.wav,Oboe Clarinet Saxophone
079faac8.wav,Flute Oboe Clarinet
07c8463e.wav,Laughter Squeak Chime
07c95625.wav,Laughter Fart Meow
07cf422e.wav,Cello Oboe Gong
07d5cca9.wav,Oboe Saxophone Clarinet
0844d331.wav,Oboe Squeak Tambourine
08904a43.wav,Double_bass Trumpet Cello
08d23bb8.wav,Tambourine Tearing Fart
08e27974.wav,Fart Laughter Tambourine
09553ca1.wav,Bass_drum Snare_drum Cowbell
0967cebd.wav,Oboe Saxophone Clarinet
097cdef5.wav,Shatter Tambourine Burping_or_eructation
0995f876.wav,Flute Saxophone Telephone
09c9b50b.wav,Trumpet Saxophone Oboe
09d0535a.wav,Applause Snare_drum Hi-hat
09d2d1c0.wav,Saxophone Cello Cowbell
09e83f2a.wav,Cello Double_bass Acoustic_guitar
0a23fde2.wav,Tambourine Burping_or_eructation Shatter
0a5cbf90.wav,Cello Acoustic_guitar Fart
0a695221.wav,Tambourine Burping_or_eructation Tearing
0adf81d5.wav,Snare_drum Cough Hi-hat
0b32ee85.wav,Cello Acoustic_guitar Double_bass
0b430780.wav,Burping_or_eructation Shatter Squeak
0b495758.wav,Squeak Laughter Burping_or_eructation
0b4bb93c.wav,Tambourine Hi-hat Bass_drum
0b79fdea.wav,Bass_drum Tambourine Hi-hat
0bb807c0.wav,Oboe Clarinet Saxophone
0c91a6b2.wav,Burping_or_eructation Laughter Squeak
0cb0d029.wav,Bass_drum Snare_drum Tambourine
0d34cc5a.wav,Snare_drum Bass_drum Hi-hat
0d6e2584.wav,Laughter Squeak Telephone
0d976b22.wav,Bass_drum Snare_drum Knock
0d99cfde.wav,Oboe Saxophone Clarinet
0da2acf4.wav,Laughter Fart Tambourine
0db65bf4.wav,Cello Saxophone Clarinet
0e23a6f4.wav,Tambourine Burping_or_eructation Squeak
0e398b30.wav,Oboe Clarinet Saxophone
0e3b99ce.wav,Snare_drum Bass_drum Tambourine
0e70bdaa.wav,Oboe Saxophone Clarinet
0e722a03.wav,Bass_drum Snare_drum Cowbell
0e7aea38.wav,Clarinet Hi-hat Flute
0ed387f3.wav,Squeak Tambourine Fart
0ef36ea1.wav,Flute Harmonica Laughter
0f4edd6e.wav,Tambourine Laughter Burping_or_eructation
0f5182eb.wav,Keys_jangling Drawer_open_or_close Tambourine
0f53de64.wav,Tambourine Burping_or_eructation Squeak
0f6b702d.wav,Meow Laughter Saxophone
0f712cb7.wav,Oboe Squeak Clarinet
0fba4394.wav,Cello Double_bass Gong
0fcd2371.wav,Applause Fireworks Fart
0fd76662.wav,Saxophone Oboe Clarinet
0fe4be7c.wav,Tambourine Shatter Hi-hat
0fe4e425.wav,Oboe Clarinet Saxophone
10145c52.wav,Tambourine Chime Laughter
10dba05f.wav,Oboe Trumpet Clarinet
1146e063.wav,Saxophone Oboe Violin_or_fiddle
116b77d5.wav,Laughter Squeak Burping_or_eructation
11704d14.wav,Burping_or_eructation Tambourine Shatter
117dcac8.wav,Tambourine Snare_drum Burping_or_eructation
11edc852.wav,Cello Acoustic_guitar Squeak
12a0327a.wav,Oboe Clarinet Saxophone
12bfa703.wav,Oboe Saxophone Cello
12d71e7f.wav,Applause Fart Fireworks
12fb2e35.wav,Applause Fireworks Fart
13489639.wav,Tambourine Burping_or_eructation Oboe
139ab603.wav,Oboe Cello Clarinet
139aebb0.wav,Oboe Violin_or_fiddle Burping_or_eructation
1472c52c.wav,Hi-hat Bark Shatter
14a40516.wav,Oboe Saxophone Violin_or_fiddle
14dcf709.wav,Oboe Violin_or_fiddle Saxophone
14f70585.wav,Clarinet Saxophone Trumpet
15389a70.wav,Cello Gong Saxophone
15719ed6.wav,Oboe Clarinet Flute
158a30ac.wav,Cello Acoustic_guitar Electric_piano
15bc9bf6.wav,Bass_drum Snare_drum Hi-hat
15bfb7ad.wav,Bass_drum Hi-hat Tambourine
15df8abd.wav,Oboe Saxophone Clarinet
163b9ad7.wav,Tambourine Bus Shatter
169187fd.wav,Tambourine Squeak Laughter
1692752a.wav,Laughter Fart Applause
16a2e687.wav,Burping_or_eructation Tearing Knock
16aaa6b7.wav,Tambourine Laughter Chime
16d0c74a.wav,Oboe Clarinet Violin_or_fiddle
1779afe8.wav,Cello Double_bass Acoustic_guitar
1796f9cb.wav,Oboe Trumpet Clarinet
17a4e6f1.wav,Fart Cello Squeak
17c6a405.wav,Applause Fireworks Fart
17cb084e.wav,Burping_or_eructation Shatter Tambourine
17cfddcf.wav,Shatter Burping_or_eructation Tambourine
17e829a7.wav,Burping_or_eructation Keys_jangling Squeak
17fc511c.wav,Laughter Fart Tambourine
1810cd33.wav,Oboe Saxophone Clarinet
181505d1.wav,Clarinet Oboe Saxophone
1837f058.wav,Squeak Tambourine Shatter
1850e006.wav,Laughter Chime Tambourine
18b390aa.wav,Clarinet Saxophone Oboe
18b60e7c.wav,Tambourine Squeak Writing
18bc6c72.wav,Squeak Applause Laughter
18d8abc6.wav,Saxophone Trumpet Oboe
190f0ca0.wav,Oboe Clarinet Saxophone
191087dd.wav,Tambourine Laughter Squeak
192ddfa1.wav,Tambourine Squeak Drawer_open_or_close
19416771.wav,Laughter Applause Fart
19536d06.wav,Snare_drum Bass_drum Cowbell
19a686e2.wav,Cello Saxophone Trumpet
19c987c6.wav,Snare_drum Tambourine Bass_drum
19e18ee3.wav,Laughter Squeak Burping_or_eructation
19e6ef89.wav,Laughter Squeak Fart
1a21ea60.wav,Bass_drum Hi-hat Snare_drum
1a281fda.wav,Cello Fart Acoustic_guitar
1a29b341.wav,Fart Squeak Laughter
1a2f7f1a.wav,Squeak Burping_or_eructation Laughter
1a35ff8a.wav,Laughter Fart Tambourine
1a4cd763.wav,Double_bass Gong Cello
1a7618a1.wav,Oboe Burping_or_eructation Squeak
1ace26c4.wav,Applause Fireworks Fart
1b004964.wav,Double_bass Acoustic_guitar Electric_piano
1b12b1e4.wav,Snare_drum Cowbell Hi-hat
1b75d261.wav,Snare_drum Bass_drum Cowbell
1b7c4e2b.wav,Saxophone Hi-hat Bass_drum
1bb20333.wav,Oboe Clarinet Saxophone
1c01994c.wav,Tambourine Squeak Writing
1c1562b1.wav,Cowbell Snare_drum Bass_drum
1c35850e.wav,Flute Oboe Clarinet
1c365ceb.wav,Squeak Tambourine Burping_or_eructation
1cb49809.wav,Oboe Clarinet Saxophone
1cbdc6d4.wav,Clarinet Oboe Electric_piano
1d2feaeb.wav,Tambourine Burping_or_eructation Shatter
1d34997d.wav,Harmonica Oboe Laughter
1d49edfa.wav,Oboe Saxophone Trumpet
1d73513c.wav,Tambourine Burping_or_eructation Hi-hat
1d987419.wav,Cello Double_bass Acoustic_guitar
1dba45ae.wav,Snare_drum Burping_or_eructation Tambourine
1dec0b63.wav,Knock Squeak Tambourine
1e16cb1d.wav,Tambourine Burping_or_eructation Squeak
1e446435.wav,Saxophone Oboe Clarinet
1e5863c9.wav,Tambourine Meow Squeak
1e8ff880.wav,Oboe Saxophone Trumpet
1e92e05a.wav,Squeak Applause Writing
1ec6c9c2.wav,Hi-hat Tambourine Bass_drum
1ef40308.wav,Burping_or_eructation Shatter Tambourine
1f312f80.wav,Snare_drum Cowbell Bass_drum
1f3856c2.wav,Laughter Squeak Burping_or_eructation
1f389629.wav,Tambourine Hi-hat Knock
1f41ab46.wav,Applause Fireworks Fart
1f8ce32b.wav,Knock Keys_jangling Hi-hat
1fc58e0f.wav,Knock Tearing Tambourine
1fd0397d.wav,Hi-hat Bass_drum Snare_drum
1fe092a5.wav,Cello Double_bass Acoustic_guitar
201971e7.wav,Clarinet Oboe Saxophone
201b29ef.wav,Oboe Saxophone Clarinet
2058f848.wav,Cowbell Snare_drum Trumpet
207b5701.wav,Hi-hat Tambourine Laughter
20a9b42d.wav,Bass_drum Snare_drum Hi-hat
20ef27a9.wav,Bass_drum Hi-hat Snare_drum
2103391b.wav,Oboe Squeak Clarinet
2174fe5c.wav,Oboe Cello Saxophone
2187cb81.wav,Oboe Saxophone Clarinet
2196f89c.wav,Oboe Clarinet Saxophone
21acb432.wav,Flute Saxophone Oboe
21d36543.wav,Clarinet Oboe Flute
22025272.wav,Laughter Acoustic_guitar Cello
22244948.wav,Bark Squeak Tambourine
223b7df6.wav,Saxophone Clarinet Oboe
224ab14d.wav,Saxophone Clarinet Flute
224de930.wav,Snare_drum Bass_drum Cowbell
22f3b36c.wav,Oboe Clarinet Saxophone
22f70afe.wav,Double_bass Burping_or_eructation Electric_piano
23071dd2.wav,Laughter Telephone Fireworks
230ce5d5.wav,Saxophone Oboe Clarinet
23300ded.wav,Tambourine Hi-hat Knock
2423598a.wav,Burping_or_eructation Tambourine Hi-hat
2442e7c6.wav,Laughter Telephone Fart
247a90a0.wav,Laughter Squeak Applause
2487cd7b.wav,Laughter Squeak Fart
24adc8ef.wav,Oboe Cello Saxophone
24cb7cdd.wav,Oboe Saxophone Clarinet
24f112b3.wav,Oboe Clarinet Flute
25988d89.wav,Oboe Cowbell Electric_piano
25eb383d.wav,Cello Laughter Fart
266f7023.wav,Laughter Tambourine Chime
2676d124.wav,Oboe Clarinet Saxophone
26d01867.wav,Oboe Cello Tearing
26e34006.wav,Laughter Squeak Oboe
27172052.wav,Laughter Squeak Burping_or_eructation
2750c860.wav,Oboe Squeak Electric_piano
276f8f90.wav,Oboe Saxophone Cello
27d61cf7.wav,Burping_or_eructation Squeak Keys_jangling
27ebc5bc.wav,Cello Saxophone Oboe
2804c60c.wav,Flute Clarinet Saxophone
280a3d2b.wav,Burping_or_eructation Tambourine Snare_drum
280e6f34.wav,Laughter Squeak Burping_or_eructation
282133d1.wav,Laughter Fart Burping_or_eructation
2849b57a.wav,Keys_jangling Drawer_open_or_close Squeak
286df5e5.wav,Squeak Laughter Burping_or_eructation
28815c9a.wav,Tambourine Squeak Burping_or_eructation
288c4290.wav,Oboe Harmonica Tambourine
28b6ff25.wav,Tambourine Squeak Burping_or_eructation
28c65e4d.wav,Oboe Violin_or_fiddle Saxophone
28e59c89.wav,Cello Acoustic_guitar Double_bass
29031e07.wav,Squeak Laughter Writing
29730e21.wav,Cello Laughter Acoustic_guitar
2976b7eb.wav,Cello Double_bass Acoustic_guitar
299606e0.wav,Oboe Cello Violin_or_fiddle
2a4a615f.wav,Oboe Saxophone Violin_or_fiddle
2ac77c6a.wav,Snare_drum Cowbell Hi-hat
2b14749b.wav,Laughter Squeak Writing
2b8f6e49.wav,Oboe Flute Trumpet
2bb34f54.wav,Keys_jangling Drawer_open_or_close Hi-hat
2c14ed19.wav,Cello Gong Acoustic_guitar
2c403fbe.wav,Electric_piano Keys_jangling Hi-hat
2cb6b373.wav,Oboe Clarinet Saxophone
2cc34e65.wav,Double_bass Electric_piano Gong
2d0c1839.wav,Tambourine Hi-hat Bass_drum
2d1863d6.wav,Cello Applause Fart
2d21041f.wav,Cello Acoustic_guitar Double_bass
2d62f754.wav,Squeak Tambourine Oboe
2d6de409.wav,Cello Saxophone Trumpet
2d860064.wav,Saxophone Flute Clarinet
2daa759d.wav,Cello Oboe Saxophone
2e276aaa.wav,Snare_drum Cowbell Bass_drum
2e42ccd2.wav,Oboe Clarinet Saxophone
2eaff904.wav,Fart Laughter Fireworks
2ec85d18.wav,Cello Acoustic_guitar Double_bass
2f009392.wav,Oboe Saxophone Clarinet
2f1c2612.wav,Tambourine Hi-hat Shatter
2fd2722a.wav,Oboe Cello Saxophone
2fefb864.wav,Tambourine Squeak Shatter
3077dab1.wav,Applause Fireworks Laughter
30881d07.wav,Hi-hat Tambourine Bass_drum
30a320a3.wav,Laughter Squeak Fart
30eb5385.wav,Tambourine Burping_or_eructation Shatter
3132a40c.wav,Fart Laughter Gong
315e2cf1.wav,Meow Laughter Saxophone
316e82b0.wav,Burping_or_eructation Oboe Cowbell
318ad3a7.wav,Cello Acoustic_guitar Double_bass
3192a42d.wav,Laughter Meow Tambourine
31bf625c.wav,Cello Saxophone Oboe
31c1e915.wav,Clarinet Oboe Saxophone
32393924.wav,Trumpet Violin_or_fiddle Gong
3263223e.wav,Tambourine Oboe Burping_or_eructation
327bdcaa.wav,Laughter Squeak Chime
32a5773b.wav,Snare_drum Bass_drum Cowbell
32bf60d9.wav,Hi-hat Tambourine Snare_drum
32e67c5c.wav,Cowbell Snare_drum Bass_drum
32fe0550.wav,Squeak Laughter Tambourine
33596f0a.wav,Keys_jangling Squeak Tambourine
335d009e.wav,Tambourine Chime Squeak
3374eb78.wav,Snare_drum Tambourine Bass_drum
33a0c53d.wav,Oboe Cello Clarinet
33ed1199.wav,Burping_or_eructation Squeak Tambourine
34404331.wav,Cowbell Snare_drum Cello
34409de5.wav,Laughter Harmonica Flute
346a3906.wav,Bass_drum Snare_drum Cowbell
34a3bc46.wav,Oboe Clarinet Saxophone
34cddac7.wav,Snare_drum Tambourine Cowbell
351dcc25.wav,Clarinet Gong Hi-hat
352c769d.wav,Double_bass Cello Gong
352f143a.wav,Trumpet Saxophone Cello
355eeedf.wav,Tambourine Laughter Squeak
356cab15.wav,Oboe Saxophone Clarinet
35bb05b0.wav,Squeak Tambourine Burping_or_eructation
35e1140b.wav,Applause Tambourine Fireworks
360e9c8e.wav,Cello Double_bass Gong
361c028f.wav,Saxophone Flute Trumpet
364d2e90.wav,Double_bass Acoustic_guitar Gong
36a2202d.wav,Tambourine Shatter Tearing
36e7790c.wav,Oboe Saxophone Clarinet
37398fcb.wav,Oboe Squeak Burping_or_eructation
374c8729.wav,Squeak Laughter Fireworks
375d2777.wav,Tambourine Oboe Laughter
37d02372.wav,Cello Oboe Gong
38284f2a.wav,Saxophone Trumpet Oboe
3831e47e.wav,Laughter Acoustic_guitar Squeak
3863cc53.wav,Tambourine Hi-hat Bark
38957ab8.wav,Shatter Tambourine Burping_or_eructation
38a944f7.wav,Bass_drum Tambourine Hi-hat
38ae005d.wav,Laughter Squeak Tambourine
38cc6c04.wav,Cowbell Trumpet Electric_piano
38df02f9.wav,Fart Tambourine Laughter
38f2e0c4.wav,Oboe Saxophone Clarinet
3919052c.wav,Bass_drum Hi-hat Tambourine
392819ad.wav,Burping_or_eructation Squeak Tambourine
39409d9a.wav,Hi-hat Fart Snare_drum
39559fac.wav,Laughter Telephone Fireworks
39a745ef.wav,Burping_or_eructation Tambourine Oboe
39b23710.wav,Oboe Squeak Clarinet
3a2dd0df.wav,Saxophone Clarinet Oboe
3a5f8a0d.wav,Saxophone Oboe Clarinet
3a6800f9.wav,Cello Gunshot_or_gunfire Double_bass
3a891940.wav,Cello Acoustic_guitar Double_bass
3ab2be0f.wav,Gong Clarinet Trumpet
3ac46d6b.wav,Oboe Clarinet Telephone
3ad721ec.wav,Tambourine Squeak Burping_or_eructation
3ad731d5.wav,Squeak Tambourine Burping_or_eructation
3add7ae7.wav,Clarinet Oboe Saxophone
3b6964dc.wav,Tambourine Hi-hat Laughter
3b95f75a.wav,Applause Fart Laughter
3bb0dc97.wav,Snare_drum Tambourine Cowbell
3c0e6e53.wav,Oboe Saxophone Flute
3c1629c6.wav,Squeak Tambourine Laughter
3c7db3ac.wav,Cello Saxophone Oboe
3cca9c37.wav,Tambourine Hi-hat Laughter
3cdf8846.wav,Laughter Meow Fart
3ce96793.wav,Oboe Saxophone Clarinet
3d5cf3f8.wav,Hi-hat Knock Tambourine
3d5d1b2b.wav,Oboe Clarinet Saxophone
3e28d521.wav,Oboe Clarinet Flute
3e810d62.wav,Laughter Squeak Fart
3ea22ce1.wav,Saxophone Clarinet Flute
3ea7a660.wav,Oboe Squeak Burping_or_eructation
3ea8071a.wav,Keys_jangling Squeak Writing
3eaf7d6f.wav,Squeak Saxophone Cello
3ed76a58.wav,Tambourine Shatter Burping_or_eructation
3f1983c4.wav,Tambourine Chime Squeak
3f303b25.wav,Oboe Clarinet Squeak
3f7c6870.wav,Double_bass Bass_drum Trumpet
3fa164e1.wav,Oboe Flute Clarinet
3fb0052f.wav,Tambourine Squeak Oboe
406845db.wav,Saxophone Clarinet Oboe
406c7d4a.wav,Snare_drum Tambourine Bass_drum
40d3c212.wav,Squeak Tambourine Laughter
40f595b9.wav,Oboe Cello Violin_or_fiddle
4110cbce.wav,Oboe Clarinet Saxophone
41111461.wav,Knock Bus Applause
416d2ced.wav,Burping_or_eructation Squeak Shatter
41703f1f.wav,Tambourine Hi-hat Burping_or_eructation
41780230.wav,Bass_drum Snare_drum Tambourine
41990e60.wav,Snare_drum Bass_drum Hi-hat
419941be.wav,Tambourine Squeak Knock
41a968ad.wav,Squeak Tambourine Shatter
41b78889.wav,Tambourine Hi-hat Knock
41ebdb67.wav,Flute Clarinet Oboe
41ee0c63.wav,Laughter Fart Tambourine
4223de81.wav,Fart Laughter Squeak
42557556.wav,Applause Fart Fireworks
426189f7.wav,Bass_drum Snare_drum Cowbell
42a32da8.wav,Tambourine Hi-hat Bass_drum
430a19a8.wav,Clarinet Oboe Saxophone
432d77c9.wav,Cello Acoustic_guitar Double_bass
433221cb.wav,Saxophone Oboe Clarinet
433490d3.wav,Burping_or_eructation Electric_piano Double_bass
433726c5.wav,Oboe Saxophone Clarinet
433d59e7.wav,Tambourine Laughter Squeak
43723640.wav,Tambourine Keys_jangling Squeak
439acbcc.wav,Cello Acoustic_guitar Squeak
43e22dad.wav,Oboe Laughter Squeak
43e2dc35.wav,Snare_drum Cowbell Bass_drum
441b8b36.wav,Applause Fireworks Fart
443a5ad9.wav,Bass_drum Snare_drum Cowbell
448757e5.wav,Chime Keys_jangling Squeak
44e4f598.wav,Electric_piano Trumpet Violin_or_fiddle
4502efbb.wav,Tambourine Hi-hat Bass_drum
451d1eb2.wav,Oboe Squeak Laughter
452da28b.wav,Squeak Applause Fart
456a12f6.wav,Double_bass Cello Acoustic_guitar
45acd2f0.wav,Tambourine Meow Bass_drum
45d66815.wav,Oboe Clarinet Saxophone
45e681c2.wav,Tambourine Burping_or_eructation Shatter
45fc6c9b.wav,Laughter Squeak Knock
46121269.wav,Cello Acoustic_guitar Gong
462a705d.wav,Cello Double_bass Acoustic_guitar
46380229.wav,Oboe Clarinet Saxophone
4698193e.wav,Laughter Squeak Chime
46b06055.wav,Oboe Clarinet Flute
46b5a369.wav,Clarinet Oboe Glockenspiel
46d15a22.wav,Applause Tambourine Bus
47538a81.wav,Saxophone Oboe Clarinet
4797fc8b.wav,Tambourine Burping_or_eructation Shatter
479ab3cf.wav,Tambourine Snare_drum Cowbell
47eba90e.wav,Applause Fireworks Fart
47ebd5f5.wav,Laughter Fart Fireworks
47f7b3fa.wav,Burping_or_eructation Tambourine Shatter
481623f9.wav,Tambourine Shatter Burping_or_eructation
487673e8.wav,Clarinet Oboe Glockenspiel
4897e0db.wav,Bass_drum Snare_drum Cowbell
492bacbe.wav,Laughter Squeak Tambourine
499d675b.wav,Hi-hat Tambourine Snare_drum
49e3ba53.wav,Oboe Cello Saxophone
49ef9965.wav,Clarinet Flute Gong
4a51b1a7.wav,Squeak Oboe Tambourine
4a6014e0.wav,Oboe Clarinet Saxophone
4b036d3e.wav,Squeak Oboe Tambourine
4b2f981f.wav,Applause Fireworks Fart
4b500664.wav,Tambourine Laughter Writing
4b835e6e.wav,Flute Laughter Saxophone
4b8aa2a7.wav,Tambourine Squeak Burping_or_eructation
4bdbe014.wav,Burping_or_eructation Shatter Tambourine
4bf41551.wav,Oboe Saxophone Violin_or_fiddle
4c00af54.wav,Tambourine Squeak Drawer_open_or_close
4c4c7af0.wav,Hi-hat Bass_drum Tambourine
4c7201d9.wav,Cowbell Cello Double_bass
4c87caf5.wav,Cello Double_bass Gong
4cb7535c.wav,Fart Applause Writing
4cd85b98.wav,Squeak Tambourine Writing
4d4897af.wav,Cello Trumpet Acoustic_guitar
4d98c85a.wav,Tambourine Hi-hat Snare_drum
4e0759b2.wav,Telephone Laughter Applause
4e268ce9.wav,Tambourine Shatter Burping_or_eructation
4e2885b5.wav,Squeak Burping_or_eructation Tambourine
4e395bf5.wav,Laughter Applause Tearing
4e5a7022.wav,Oboe Saxophone Clarinet
4e8087bd.wav,Oboe Saxophone Clarinet
4ed15aa6.wav,Tambourine Squeak Shatter
4f83ce81.wav,Cello Fart Laughter
4f8dc3e1.wav,Tambourine Burping_or_eructation Shatter
4fb1f152.wav,Oboe Saxophone Cello
500fa310.wav,Oboe Clarinet Saxophone
5014dfcc.wav,Oboe Saxophone Clarinet
5064c8f4.wav,Drawer_open_or_close Keys_jangling Oboe
507932b4.wav,Clarinet Oboe Flute
509dd8b8.wav,Oboe Glockenspiel Drawer_open_or_close
50c16716.wav,Cello Clarinet Acoustic_guitar
51100727.wav,Tambourine Hi-hat Burping_or_eructation
513a619e.wav,Tambourine Burping_or_eructation Hi-hat
51755110.wav,Laughter Harmonica Squeak
518f0af2.wav,Tambourine Hi-hat Burping_or_eructation
51ab7f85.wav,Saxophone Trumpet Clarinet
51d2ac05.wav,Tambourine Hi-hat Burping_or_eructation
52028c0d.wav,Oboe Saxophone Trumpet
520dd11d.wav,Oboe Saxophone Cello
52264aa1.wav,Squeak Tambourine Fart
523f63b1.wav,Tambourine Oboe Squeak
523f818d.wav,Bass_drum Tambourine Hi-hat
52635c8a.wav,Tambourine Snare_drum Applause
529c08a0.wav,Cello Acoustic_guitar Gong
52aaf874.wav,Tambourine Squeak Laughter
52b5fae8.wav,Oboe Burping_or_eructation Squeak
52f1a01d.wav,Double_bass Cello Gong
531c52d1.wav,Clarinet Oboe Saxophone
535b5dcd.wav,Oboe Saxophone Trumpet
536199a4.wav,Laughter Fart Squeak
536c4991.wav,Tambourine Hi-hat Knock
539c0118.wav,Snare_drum Cowbell Bass_drum
53b5253e.wav,Tambourine Keys_jangling Squeak
53ffaeb3.wav,Tambourine Laughter Bark
541f7fd3.wav,Flute Oboe Clarinet
5459ae88.wav,Knock Keys_jangling Bark
54aa5112.wav,Laughter Tambourine Squeak
5515cd5d.wav,Applause Squeak Burping_or_eructation
553f8a35.wav,Squeak Laughter Tambourine
559c21bc.wav,Flute Oboe Saxophone
55b4939f.wav,Tambourine Shatter Burping_or_eructation
55d3227f.wav,Cello Squeak Gong
55f687f3.wav,Cello Saxophone Oboe
567d7ee2.wav,Oboe Saxophone Clarinet
56c828a7.wav,Tambourine Hi-hat Burping_or_eructation
5708ddea.wav,Applause Laughter Fireworks
570a1821.wav,Cello Trumpet Oboe
57456bf8.wav,Squeak Applause Laughter
57d6baac.wav,Oboe Clarinet Saxophone
57f200ec.wav,Applause Fireworks Fart
580cf7d2.wav,Oboe Clarinet Saxophone
582bf94d.wav,Saxophone Clarinet Oboe
583119bf.wav,Laughter Fart Fireworks
583c89f0.wav,Laughter Flute Oboe
5851365b.wav,Oboe Violin_or_fiddle Saxophone
58663e0d.wav,Oboe Clarinet Saxophone
587a184f.wav,Double_bass Electric_piano Gong
58848256.wav,Squeak Laughter Tambourine
58a13aa9.wav,Oboe Saxophone Trumpet
59082bc2.wav,Laughter Squeak Telephone
59214b26.wav,Double_bass Cello Gong
5924a0f4.wav,Snare_drum Tambourine Cowbell
597dc329.wav,Squeak Laughter Fart
5997bbc5.wav,Oboe Clarinet Flute
5a2b60df.wav,Oboe Saxophone Trumpet
5a3491fc.wav,Cello Trumpet Oboe
5a8c58cf.wav,Cowbell Oboe Tambourine
5b115dac.wav,Oboe Saxophone Clarinet
5b37a914.wav,Tambourine Shatter Burping_or_eructation
5b3bd5e9.wav,Snare_drum Tambourine Cowbell
5b408682.wav,Oboe Squeak Tambourine
5b42d271.wav,Oboe Cello Double_bass
5b4ae941.wav,Squeak Writing Bus
5b7ab76d.wav,Oboe Violin_or_fiddle Clarinet
5b7c331b.wav,Oboe Clarinet Saxophone
5bc83585.wav,Oboe Clarinet Saxophone
5bd34855.wav,Laughter Squeak Fart
5be55652.wav,Laughter Squeak Tambourine
5c018580.wav,Clarinet Saxophone Flute
5c53c1ed.wav,Cello Electric_piano Gong
5c9cee87.wav,Cello Double_bass Acoustic_guitar
5cdfe908.wav,Squeak Fart Laughter
5ceab91b.wav,Clarinet Oboe Glockenspiel
5d57c7a8.wav,Tambourine Oboe Hi-hat
5d8faaeb.wav,Oboe Clarinet Saxophone
5da19fab.wav,Clarinet Saxophone Oboe
5e0f8a17.wav,Cello Acoustic_guitar Double_bass
5e13e88e.wav,Hi-hat Tambourine Bark
5e152e41.wav,Saxophone Oboe Trumpet
5e239e56.wav,Oboe Clarinet Saxophone
5e3e89f1.wav,Applause Knock Tearing
5e5d1ee1.wav,Burping_or_eructation Snare_drum Cough
5e78e494.wav,Squeak Fireworks Burping_or_eructation
5e80e0d9.wav,Clarinet Oboe Trumpet
5f3a797f.wav,Oboe Clarinet Harmonica
5f462f8a.wav,Oboe Saxophone Clarinet
5f9c52ba.wav,Oboe Tambourine Burping_or_eructation
5f9fe430.wav,Clarinet Flute Oboe
5fd78c8a.wav,Fart Laughter Hi-hat
60304185.wav,Oboe Clarinet Flute
60307496.wav,Oboe Saxophone Trumpet
604f9eba.wav,Snare_drum Cowbell Bass_drum
60621005.wav,Saxophone Hi-hat Cough
60e7d60f.wav,Double_bass Burping_or_eructation Electric_piano
60f3194b.wav,Burping_or_eructation Squeak Tambourine
6115040b.wav,Oboe Cello Saxophone
6116444a.wav,Saxophone Oboe Trumpet
614dad27.wav,Bass_drum Knock Hi-hat
6182f387.wav,Cello Squeak Oboe
61a2bd86.wav,Keys_jangling Squeak Tambourine
61b032bc.wav,Oboe Saxophone Clarinet
61f9e879.wav,Oboe Clarinet Saxophone
627f0769.wav,Oboe Saxophone Clarinet
62c37666.wav,Tambourine Squeak Hi-hat
62d7d671.wav,Laughter Fart Squeak
62dc74ed.wav,Squeak Writing Keys_jangling
6374810b.wav,Oboe Clarinet Violin_or_fiddle
63b335dd.wav,Snare_drum Hi-hat Bass_drum
63fd0268.wav,Tambourine Burping_or_eructation Squeak
641e156b.wav,Oboe Squeak Saxophone
64253f06.wav,Flute Telephone Saxophone
64319f9a.wav,Oboe Burping_or_eructation Tambourine
6448e0b2.wav,Laughter Fart Squeak
6487d2ed.wav,Cowbell Snare_drum Bass_drum
650022fe.wav,Burping_or_eructation Squeak Laughter
65ec2612.wav,Hi-hat Tambourine Shatter
66349cd4.wav,Cello Acoustic_guitar Double_bass
66444640.wav,Laughter Tambourine Squeak
66660ca1.wav,Tambourine Hi-hat Tearing
669b7d38.wav,Snare_drum Hi-hat Bass_drum
669e70f6.wav,Flute Saxophone Gong
66c1e9de.wav,Laughter Tambourine Fart
6747e1dd.wav,Clarinet Saxophone Flute
67658a94.wav,Squeak Writing Tambourine
678cc7e1.wav,Oboe Saxophone Flute
6792c278.wav,Tambourine Keys_jangling Tearing
67d91e2b.wav,Bus Cowbell Tambourine
67eb9a30.wav,Tambourine Squeak Burping_or_eructation
67ec5ee0.wav,Tambourine Laughter Squeak
681842a2.wav,Hi-hat Tambourine Snare_drum
6837f3bb.wav,Tambourine Hi-hat Burping_or_eructation
68397b21.wav,Oboe Saxophone Flute
684096d4.wav,Applause Laughter Fireworks
686d0322.wav,Cello Electric_piano Double_bass
6888026f.wav,Laughter Squeak Fart
68d4d309.wav,Hi-hat Tambourine Bark
69166275.wav,Oboe Saxophone Violin_or_fiddle
69203905.wav,Clarinet Flute Oboe
693994bb.wav,Oboe Squeak Laughter
695db66e.wav,Cello Oboe Saxophone
696cc865.wav,Saxophone Oboe Clarinet
698f7dfd.wav,Laughter Burping_or_eructation Fart
69ba69e3.wav,Snare_drum Cowbell Bass_drum
69cca687.wav,Laughter Fart Squeak
6a3a9e86.wav,Tambourine Hi-hat Tearing
6a4cac8d.wav,Tambourine Squeak Laughter
6a5304b5.wav,Laughter Squeak Burping_or_eructation
6a720a79.wav,Oboe Clarinet Saxophone
6a8317a5.wav,Clarinet Oboe Glockenspiel
6a8e3fbf.wav,Tambourine Keys_jangling Knock
6aa576a2.wav,Electric_piano Double_bass Burping_or_eructation
6aaffcf2.wav,Applause Burping_or_eructation Squeak
6ab2a13b.wav,Acoustic_guitar Gunshot_or_gunfire Cowbell
6ac32ae8.wav,Tambourine Burping_or_eructation Snare_drum
6b0629d4.wav,Snare_drum Cowbell Bass_drum
6b3d7d7e.wav,Laughter Squeak Fart
6b45c352.wav,Fart Squeak Laughter
6b65befd.wav,Cello Acoustic_guitar Gong
6b6c0405.wav,Keys_jangling Drawer_open_or_close Tambourine
6ba04f15.wav,Laughter Hi-hat Telephone
6ba93bc4.wav,Applause Fireworks Fart
6bb1c90d.wav,Oboe Saxophone Flute
6bb55ddf.wav,Tambourine Hi-hat Snare_drum
6c05607a.wav,Double_bass Bass_drum Gong
6c439697.wav,Saxophone Oboe Trumpet
6c4e791e.wav,Hi-hat Snare_drum Tambourine
6c9a3eb2.wav,Cello Double_bass Gong
6ca84692.wav,Oboe Saxophone Violin_or_fiddle
6cd688bd.wav,Tambourine Burping_or_eructation Squeak
6d078308.wav,Snare_drum Tambourine Hi-hat
6d27faa4.wav,Double_bass Bass_drum Cowbell
6d3a3ce1.wav,Tambourine Burping_or_eructation Shatter
6dcb6c44.wav,Tambourine Hi-hat Bass_drum
6dd8ac5b.wav,Oboe Clarinet Saxophone
6dded052.wav,Squeak Burping_or_eructation Laughter
6de0ac67.wav,Tambourine Tearing Burping_or_eructation
6de76397.wav,Laughter Fart Squeak
6dfc8cf2.wav,Cowbell Shatter Snare_drum
6e32975d.wav,Laughter Telephone Burping_or_eructation
6e3e08b6.wav,Burping_or_eructation Oboe Squeak
6ea0ef5e.wav,Clarinet Saxophone Oboe
6ea3d885.wav,Laughter Telephone Fart
6f2a72d4.wav,Cello Acoustic_guitar Gong
6f6177e3.wav,Clarinet Oboe Saxophone
6f7fe040.wav,Snare_drum Bass_drum Cowbell
6f99603c.wav,Tambourine Hi-hat Shatter
6fe61dd6.wav,Burping_or_eructation Cough Squeak
6ffaaf83.wav,Clarinet Oboe Flute
704b6468.wav,Keys_jangling Drawer_open_or_close Squeak
7052d283.wav,Tambourine Snare_drum Cowbell
706a2d68.wav,Tambourine Shatter Burping_or_eructation
7080435f.wav,Tambourine Squeak Laughter
70836b66.wav,Cowbell Snare_drum Bass_drum
70aa12d6.wav,Squeak Burping_or_eructation Laughter
70afb5f8.wav,Snare_drum Tambourine Cowbell
70b64b2b.wav,Keys_jangling Drawer_open_or_close Knock
70b64fdc.wav,Oboe Saxophone Cello
70b7505d.wav,Hi-hat Snare_drum Tambourine
71055509.wav,Tambourine Burping_or_eructation Shatter
71107f1c.wav,Oboe Clarinet Harmonica
712ffdfb.wav,Oboe Electric_piano Burping_or_eructation
7132bfb1.wav,Oboe Saxophone Trumpet
71441b4c.wav,Oboe Clarinet Saxophone
714efc78.wav,Hi-hat Bark Tambourine
715905f4.wav,Tambourine Laughter Squeak
715db382.wav,Snare_drum Bass_drum Tambourine
71893c70.wav,Saxophone Oboe Clarinet
719a68f7.wav,Meow Laughter Fart
71c3d2a6.wav,Tambourine Hi-hat Knock
72418c07.wav,Cello Acoustic_guitar Double_bass
7251fb2f.wav,Double_bass Cello Acoustic_guitar
72828b0d.wav,Oboe Saxophone Violin_or_fiddle
728c27f1.wav,Oboe Violin_or_fiddle Cello
729d69a5.wav,Acoustic_guitar Applause Writing
72fbaa43.wav,Hi-hat Tambourine Burping_or_eructation
73050965.wav,Cello Acoustic_guitar Cowbell
7336a65e.wav,Hi-hat Tambourine Bass_drum
73414bd0.wav,Tambourine Hi-hat Bass_drum
7358244d.wav,Applause Fireworks Fart
736dfa08.wav,Double_bass Bass_drum Burping_or_eructation
73bae886.wav,Oboe Cello Squeak
741fba2b.wav,Applause Fireworks Squeak
7427ecfa.wav,Laughter Chime Fart
743ab59b.wav,Squeak Laughter Tambourine
747203e4.wav,Tambourine Burping_or_eructation Shatter
74ebbfd1.wav,Oboe Saxophone Violin_or_fiddle
751a5a36.wav,Oboe Writing Tambourine
75306f5f.wav,Laughter Writing Burping_or_eructation
7547651b.wav,Oboe Clarinet Saxophone
757a6a10.wav,Oboe Saxophone Violin_or_fiddle
75962078.wav,Applause Fireworks Fart
75bbb109.wav,Oboe Clarinet Saxophone
75c43c78.wav,Tambourine Hi-hat Bass_drum
75d1d7bb.wav,Applause Fireworks Laughter
75e35e02.wav,Laughter Writing Squeak
762fec32.wav,Cello Fart Squeak
76306f8b.wav,Tambourine Squeak Laughter
763241e6.wav,Oboe Violin_or_fiddle Flute
763efe7a.wav,Fart Laughter Fireworks
76631c30.wav,Tambourine Laughter Squeak
766d0eb4.wav,Laughter Squeak Fart
76bbb226.wav,Snare_drum Bass_drum Cowbell
76fbffde.wav,Snare_drum Bass_drum Cowbell
7708ebd8.wav,Cowbell Hi-hat Tambourine
7717a15e.wav,Laughter Fart Squeak
77393d30.wav,Laughter Squeak Writing
7759b661.wav,Oboe Harmonica Squeak
775b0759.wav,Saxophone Trumpet Cello
778670a2.wav,Bass_drum Snare_drum Hi-hat
778a1978.wav,Laughter Fart Telephone
77ee306d.wav,Flute Saxophone Oboe
7806316e.wav,Tambourine Laughter Squeak
7811be44.wav,Laughter Fart Burping_or_eructation
7820fdd4.wav,Laughter Chime Fart
782f4030.wav,Squeak Burping_or_eructation Fart
786eb056.wav,Oboe Harmonica Squeak
788430c5.wav,Oboe Clarinet Saxophone
78c53e09.wav,Burping_or_eructation Tambourine Shatter
78d550c4.wav,Laughter Fart Fireworks
78e6d1e7.wav,Oboe Clarinet Saxophone
7935b0e2.wav,Cello Acoustic_guitar Double_bass
797780fa.wav,Oboe Saxophone Violin_or_fiddle
79a18311.wav,Double_bass Cello Acoustic_guitar
7a135d94.wav,Snare_drum Bass_drum Hi-hat
7a1461f6.wav,Cowbell Snare_drum Bass_drum
7a21d4ba.wav,Oboe Clarinet Saxophone
7a52fb48.wav,Laughter Squeak Burping_or_eructation
7a774e4f.wav,Clarinet Oboe Saxophone
7abe967a.wav,Snare_drum Cowbell Bass_drum
7ac649fa.wav,Tambourine Hi-hat Shatter
7b2d48f6.wav,Burping_or_eructation Tambourine Shatter
7b2f865c.wav,Keys_jangling Knock Bark
7b3c2236.wav,Laughter Applause Fart
7b604493.wav,Clarinet Oboe Saxophone
7b672f5a.wav,Tambourine Snare_drum Bus
7b7dd15e.wav,Tambourine Flute Electric_piano
7b851138.wav,Tambourine Hi-hat Burping_or_eructation
7b944469.wav,Acoustic_guitar Fart Laughter
7c444d1b.wav,Cello Trumpet Saxophone
7c56f810.wav,Oboe Saxophone Clarinet
7c6c426f.wav,Saxophone Trumpet Laughter
7c9fb8d6.wav,Knock Tambourine Hi-hat
7cd190e1.wav,Burping_or_eructation Tambourine Shatter
7cf717b3.wav,Saxophone Clarinet Flute
7d106d05.wav,Oboe Saxophone Violin_or_fiddle
7d6bdda3.wav,Snare_drum Tambourine Cowbell
7d99fba9.wav,Saxophone Oboe Clarinet
7da94cf9.wav,Knock Hi-hat Bark
7dec6ff1.wav,Burping_or_eructation Shatter Squeak
7e1c049f.wav,Oboe Clarinet Flute
7e444cea.wav,Snare_drum Bass_drum Cowbell
7e4fb0e6.wav,Laughter Meow Saxophone
7e57ebd1.wav,Tambourine Squeak Laughter
7e769882.wav,Squeak Fart Laughter
7eb3a36a.wav,Saxophone Flute Meow
7ed98e85.wav,Cello Fart Acoustic_guitar
7ef693d8.wav,Laughter Squeak Fart
7ef76869.wav,Clarinet Oboe Flute
7f77b540.wav,Gong Hi-hat Laughter
7fbc0a0e.wav,Laughter Tambourine Applause
7fd7c943.wav,Oboe Saxophone Violin_or_fiddle
7fe3251a.wav,Tambourine Hi-hat Squeak
7ffe5c32.wav,Bass_drum Double_bass Electric_piano
7fffb435.wav,Oboe Saxophone Trumpet
80015cae.wav,Clarinet Oboe Saxophone
800b8e51.wav,Snare_drum Cowbell Tambourine
80158b0d.wav,Cello Acoustic_guitar Fart
80197fba.wav,Oboe Saxophone Clarinet
803b5f25.wav,Laughter Hi-hat Writing
80e195c8.wav,Fart Laughter Tambourine
8123314e.wav,Tambourine Hi-hat Laughter
8128ca7b.wav,Oboe Saxophone Clarinet
8128fdb4.wav,Fart Laughter Burping_or_eructation
81654370.wav,Oboe Saxophone Clarinet
81739d68.wav,Saxophone Oboe Clarinet
818be90b.wav,Laughter Fart Squeak
8199d25e.wav,Applause Laughter Fireworks
81b80360.wav,Squeak Tambourine Laughter
81e18145.wav,Laughter Telephone Oboe
820e3ccc.wav,Cowbell Snare_drum Bass_drum
82cd6729.wav,Oboe Laughter Saxophone
82f34a17.wav,Clarinet Saxophone Laughter
83043bdc.wav,Snare_drum Cowbell Bass_drum
830a902c.wav,Snare_drum Bass_drum Tambourine
83257b4d.wav,Oboe Saxophone Tambourine
8348477e.wav,Oboe Saxophone Clarinet
83797d9c.wav,Snare_drum Bass_drum Cowbell
8380505b.wav,Snare_drum Bass_drum Cowbell
840e825d.wav,Oboe Saxophone Trumpet
845f8d7e.wav,Bass_drum Hi-hat Snare_drum
8464084e.wav,Applause Laughter Fireworks
848d0520.wav,Shatter Double_bass Knock
84b28400.wav,Laughter Telephone Flute
84e18e10.wav,Oboe Saxophone Clarinet
84f1e21c.wav,Oboe Squeak Violin_or_fiddle
850e1d86.wav,Laughter Oboe Clarinet
850f5980.wav,Tambourine Hi-hat Snare_drum
853939b1.wav,Tambourine Burping_or_eructation Shatter
856739f7.wav,Snare_drum Hi-hat Tambourine
85888f43.wav,Tambourine Keys_jangling Drawer_open_or_close
85f729aa.wav,Oboe Squeak Burping_or_eructation
86305008.wav,Oboe Clarinet Saxophone
863b390d.wav,Oboe Harmonica Violin_or_fiddle
86503b54.wav,Clarinet Saxophone Oboe
86c07637.wav,Applause Fireworks Fart
870a15ad.wav,Oboe Cello Trumpet
870d8912.wav,Knock Tearing Squeak
872be6c6.wav,Cello Gong Double_bass
87490e51.wav,Laughter Chime Telephone
876169b6.wav,Cello Double_bass Acoustic_guitar
87d0f5c2.wav,Hi-hat Bass_drum Bark
885dd347.wav,Clarinet Oboe Flute
88d8e3e7.wav,Tambourine Burping_or_eructation Laughter
8907f907.wav,Tambourine Squeak Laughter
891af38f.wav,Double_bass Cello Tearing
89248704.wav,Saxophone Oboe Violin_or_fiddle
895edd06.wav,Cowbell Tambourine Snare_drum
897071cd.wav,Tambourine Laughter Hi-hat
897a1c21.wav,Snare_drum Cowbell Bass_drum
899b27fc.wav,Oboe Saxophone Clarinet
89b36fe8.wav,Laughter Fart Tearing
8a23c5d3.wav,Burping_or_eructation Shatter Tambourine
8a2793a4.wav,Tambourine Hi-hat Squeak
8a8f86ec.wav,Burping_or_eructation Tambourine Snare_drum
8a94d1c5.wav,Laughter Squeak Chime
8aa3ebc6.wav,Tambourine Burping_or_eructation Squeak
8ad60086.wav,Saxophone Oboe Trumpet
8b79f42a.wav,Applause Fireworks Squeak
8b81813e.wav,Oboe Clarinet Violin_or_fiddle
8b855fd2.wav,Applause Squeak Laughter
8bb55062.wav,Oboe Clarinet Flute
8bd5a1c6.wav,Applause Fireworks Fart
8bdd4257.wav,Squeak Laughter Fart
8c9af8f3.wav,Bass_drum Snare_drum Hi-hat
8cbc79b2.wav,Laughter Fart Squeak
8cf4e2d4.wav,Knock Keys_jangling Hi-hat
8d13a005.wav,Snare_drum Burping_or_eructation Cowbell
8d20f174.wav,Snare_drum Bass_drum Hi-hat
8d55d1fa.wav,Squeak Laughter Fart
8d6b786d.wav,Applause Fireworks Squeak
8de247b4.wav,Tambourine Laughter Fart
8e4f1712.wav,Hi-hat Bark Burping_or_eructation
8eed6f48.wav,Laughter Fart Harmonica
8ef3d194.wav,Oboe Saxophone Cello
8f1c2008.wav,Shatter Burping_or_eructation Tambourine
8f8b9651.wav,Laughter Meow Fart
8f8e82d1.wav,Squeak Fart Tambourine
8f91c93d.wav,Squeak Burping_or_eructation Writing
8fd226a2.wav,Shatter Knock Keys_jangling
8ff902e9.wav,Squeak Burping_or_eructation Tambourine
8ffab712.wav,Burping_or_eructation Squeak Fart
906516e4.wav,Cowbell Snare_drum Bass_drum
907c343d.wav,Oboe Clarinet Saxophone
908bb124.wav,Oboe Saxophone Clarinet
90b5bdfa.wav,Tambourine Applause Knock
91553414.wav,Fart Squeak Laughter
91575ef7.wav,Burping_or_eructation Tambourine Squeak
915fdd3d.wav,Laughter Fart Burping_or_eructation
918d8fc9.wav,Tambourine Chime Squeak
91942bdb.wav,Oboe Saxophone Trumpet
91b8d1f5.wav,Oboe Squeak Violin_or_fiddle
91d28795.wav,Snare_drum Bass_drum Burping_or_eructation
91d58d6a.wav,Saxophone Cello Trumpet
91dcf56f.wav,Shatter Fart Tambourine
91df997e.wav,Oboe Violin_or_fiddle Clarinet
921a541d.wav,Oboe Harmonica Flute
92459670.wav,Cello Oboe Violin_or_fiddle
9256c7f4.wav,Trumpet Saxophone Flute
9257c3b1.wav,Clarinet Oboe Flute
925d7f4c.wav,Tambourine Squeak Laughter
92602a1b.wav,Cello Double_bass Acoustic_guitar
92740d41.wav,Bass_drum Tambourine Hi-hat
9275c40a.wav,Clarinet Saxophone Oboe
9291c4b5.wav,Double_bass Burping_or_eructation Writing
92929652.wav,Oboe Clarinet Saxophone
92982e3c.wav,Oboe Saxophone Cello
92e273eb.wav,Bass_drum Knock Hi-hat
92f822dd.wav,Cowbell Tambourine Snare_drum
932395f6.wav,Snare_drum Hi-hat Knock
93243c6f.wav,Tambourine Tearing Bus
93631fdd.wav,Oboe Saxophone Violin_or_fiddle
938e7cbe.wav,Snare_drum Bass_drum Hi-hat
939ffae6.wav,Cello Double_bass Acoustic_guitar
93be3526.wav,Drawer_open_or_close Keys_jangling Knock
93c1d8d1.wav,Squeak Fart Laughter
93c686a3.wav,Oboe Clarinet Saxophone
93f8f151.wav,Electric_piano Clarinet Cello
9408d9d8.wav,Laughter Squeak Oboe
94127c15.wav,Tambourine Burping_or_eructation Snare_drum
9426d539.wav,Oboe Telephone Laughter
94351b30.wav,Tambourine Bass_drum Hi-hat
945d6e10.wav,Snare_drum Hi-hat Tambourine
9476d6c4.wav,Tambourine Laughter Hi-hat
94a9ac6d.wav,Tambourine Shatter Squeak
94da7dca.wav,Snare_drum Cowbell Bass_drum
9505e4f7.wav,Tambourine Burping_or_eructation Shatter
9546c28d.wav,Knock Keys_jangling Shatter
9569780a.wav,Tambourine Bus Cowbell
9571b304.wav,Tambourine Bass_drum Hi-hat
9581aba0.wav,Snare_drum Bass_drum Cowbell
95adeda9.wav,Hi-hat Cello Saxophone
96205cdd.wav,Tambourine Burping_or_eructation Shatter
96431b4e.wav,Oboe Clarinet Laughter
9657dc79.wav,Tambourine Hi-hat Fart
966a55fa.wav,Tambourine Bus Shatter
9693b612.wav,Clarinet Oboe Saxophone
96a00a8d.wav,Hi-hat Tambourine Knock
96a0eea4.wav,Tambourine Laughter Squeak
96e29215.wav,Cello Double_bass Acoustic_guitar
96eb705a.wav,Tambourine Hi-hat Knock
96f7a0c5.wav,Oboe Tambourine Flute
97238e88.wav,Cello Gong Cowbell
9764bf43.wav,Burping_or_eructation Squeak Tambourine
976a40fb.wav,Squeak Tambourine Burping_or_eructation
9770293b.wav,Snare_drum Hi-hat Tambourine
978d94c2.wav,Cello Double_bass Acoustic_guitar
97c047e3.wav,Knock Tearing Tambourine
97e724da.wav,Laughter Tambourine Chime
98195f7c.wav,Hi-hat Bass_drum Tambourine
98238965.wav,Squeak Tambourine Keys_jangling
98240e2f.wav,Saxophone Oboe Trumpet
98699863.wav,Hi-hat Double_bass Cello
98b3bf67.wav,Saxophone Trumpet Laughter
98c4a766.wav,Oboe Clarinet Saxophone
98e5081d.wav,Snare_drum Bass_drum Cowbell
98ec2bde.wav,Squeak Burping_or_eructation Laughter
993b8d3b.wav,Snare_drum Tambourine Cowbell
9958521a.wav,Clarinet Oboe Saxophone
996e7bd3.wav,Double_bass Bass_drum Cello
997199bf.wav,Laughter Meow Saxophone
9980da68.wav,Burping_or_eructation Electric_piano Double_bass
99a93799.wav,Bass_drum Hi-hat Snare_drum
99c5bef4.wav,Cello Acoustic_guitar Electric_piano
99c9915c.wav,Tambourine Burping_or_eructation Cowbell
9a0f1d2b.wav,Laughter Telephone Saxophone
9a51bee8.wav,Squeak Burping_or_eructation Tambourine
9b174107.wav,Oboe Clarinet Violin_or_fiddle
9b1825ea.wav,Laughter Squeak Burping_or_eructation
9b2b21bb.wav,Acoustic_guitar Double_bass Cello
9b2dcfef.wav,Clarinet Saxophone Oboe
9bb6e17e.wav,Laughter Fart Burping_or_eructation
9bc1b7ae.wav,Cello Double_bass Acoustic_guitar
9bc9408c.wav,Squeak Fart Applause
9c14157b.wav,Tambourine Hi-hat Bass_drum
9c7cee6e.wav,Tambourine Hi-hat Bass_drum
9c80c2dc.wav,Squeak Fart Laughter
9cb91ac4.wav,Electric_piano Tambourine Tearing
9cd2f7ce.wav,Snare_drum Bass_drum Cowbell
9ce62ba5.wav,Oboe Clarinet Violin_or_fiddle
9ced683f.wav,Tambourine Hi-hat Bass_drum
9d241042.wav,Burping_or_eructation Squeak Knock
9d299d8c.wav,Oboe Violin_or_fiddle Cello
9d2d9c56.wav,Clarinet Oboe Flute
9d4f422d.wav,Clarinet Oboe Saxophone
9d7e3931.wav,Burping_or_eructation Tambourine Shatter
9d9dc988.wav,Laughter Squeak Fart
9e209e1a.wav,Snare_drum Tambourine Cowbell
9e4016e8.wav,Tambourine Laughter Fart
9e4b301c.wav,Clarinet Oboe Glockenspiel
9e4e279a.wav,Double_bass Tearing Electric_piano
9e68a6ce.wav,Tambourine Burping_or_eructation Hi-hat
9e7de1e2.wav,Oboe Flute Clarinet
9ea318bd.wav,Oboe Clarinet Saxophone
9eb4fa3f.wav,Tambourine Hi-hat Burping_or_eructation
9eba82c2.wav,Snare_drum Hi-hat Bass_drum
9ec4b37a.wav,Burping_or_eructation Tambourine Shatter
9ec78e79.wav,Squeak Tambourine Burping_or_eructation
9ed0545a.wav,Oboe Squeak Tambourine
9edc7957.wav,Tambourine Burping_or_eructation Cowbell
9f12eb4e.wav,Squeak Laughter Writing
9f195714.wav,Squeak Tambourine Burping_or_eructation
9f5e72d9.wav,Bass_drum Snare_drum Cowbell
9fac6408.wav,Burping_or_eructation Tambourine Shatter
9fd682a3.wav,Bass_drum Snare_drum Hi-hat
a0152732.wav,Hi-hat Snare_drum Cello
a03e3cdd.wav,Clarinet Saxophone Oboe
a0b4028c.wav,Tambourine Squeak Knock
a0c9407e.wav,Squeak Tambourine Laughter
a0cfc875.wav,Oboe Clarinet Saxophone
a1044692.wav,Fart Laughter Fireworks
a11c68e9.wav,Squeak Tambourine Burping_or_eructation
a1514dd7.wav,Snare_drum Bass_drum Tambourine
a19a76c1.wav,Bass_drum Snare_drum Knock
a1a2cd91.wav,Bass_drum Hi-hat Snare_drum
a1a61527.wav,Tambourine Shatter Squeak
a1c8ce98.wav,Burping_or_eructation Tambourine Shatter
a1d1c681.wav,Oboe Saxophone Trumpet
a253f4e7.wav,Laughter Applause Fireworks
a2652019.wav,Laughter Squeak Fart
a2c79f1a.wav,Bass_drum Double_bass Snare_drum
a2d6d734.wav,Cowbell Snare_drum Bass_drum
a2e551e2.wav,Squeak Writing Laughter
a2f6c38c.wav,Burping_or_eructation Shatter Squeak
a301c238.wav,Burping_or_eructation Squeak Tambourine
a3135c68.wav,Tambourine Laughter Fart
a36642b4.wav,Hi-hat Tambourine Bass_drum
a37114c4.wav,Laughter Applause Squeak
a3744720.wav,Hi-hat Tambourine Bass_drum
a38b310f.wav,Oboe Saxophone Clarinet
a39640a6.wav,Snare_drum Bass_drum Saxophone
a3d78cd5.wav,Clarinet Saxophone Flute
a3e69b4e.wav,Saxophone Oboe Clarinet
a414c520.wav,Snare_drum Bass_drum Cowbell
a4265282.wav,Bass_drum Double_bass Hi-hat
a43df00b.wav,Laughter Fart Squeak
a476e03f.wav,Snare_drum Cowbell Bass_drum
a4789a53.wav,Laughter Fart Tearing
a48b8892.wav,Laughter Squeak Fart
a4c78d41.wav,Snare_drum Bus Cowbell
a5124583.wav,Tambourine Squeak Knock
a569b358.wav,Clarinet Oboe Saxophone
a57e36a5.wav,Applause Fireworks Laughter
a5989d06.wav,Burping_or_eructation Shatter Tambourine
a5d692a3.wav,Tambourine Squeak Laughter
a5da5acc.wav,Tambourine Squeak Writing
a5f420d3.wav,Tambourine Squeak Burping_or_eructation
a6188eae.wav,Hi-hat Tambourine Fart
a6420818.wav,Tambourine Hi-hat Burping_or_eructation
a673acdc.wav,Tambourine Hi-hat Burping_or_eructation
a676aec7.wav,Saxophone Clarinet Oboe
a704c559.wav,Fart Laughter Squeak
a71b3c94.wav,Clarinet Oboe Saxophone
a756054c.wav,Tambourine Hi-hat Oboe
a7e2c92c.wav,Bass_drum Tearing Tambourine
a7fa1420.wav,Oboe Saxophone Violin_or_fiddle
a811568c.wav,Tambourine Snare_drum Cowbell
a81240e1.wav,Laughter Applause Fireworks
a81e38d2.wav,Oboe Cello Saxophone
a82b6e0c.wav,Squeak Laughter Writing
a84333c6.wav,Applause Laughter Knock
a84e442a.wav,Oboe Laughter Electric_piano
a89e75c2.wav,Oboe Clarinet Flute
a8a1f70d.wav,Oboe Saxophone Violin_or_fiddle
a8b3a314.wav,Bass_drum Snare_drum Cowbell
a8c4273f.wav,Snare_drum Cowbell Bass_drum
a8dbfd4d.wav,Keys_jangling Hi-hat Knock
a8e6db3f.wav,Snare_drum Cowbell Bass_drum
a8ece5fd.wav,Oboe Flute Harmonica
a911ed29.wav,Snare_drum Bass_drum Burping_or_eructation
a913f607.wav,Squeak Laughter Cello
a9899813.wav,Oboe Saxophone Clarinet
a9a0f11e.wav,Oboe Clarinet Saxophone
a9b5cc7c.wav,Tambourine Squeak Laughter
aa39907a.wav,Oboe Saxophone Trumpet
aa41eeec.wav,Hi-hat Snare_drum Bass_drum
aa4e07a4.wav,Squeak Tambourine Laughter
aaaa667f.wav,Burping_or_eructation Shatter Tambourine
ab0a7aa3.wav,Tambourine Oboe Burping_or_eructation
ab3afc37.wav,Cello Acoustic_guitar Double_bass
ab63bd75.wav,Snare_drum Cowbell Bass_drum
abd88f50.wav,Applause Fart Fireworks
abe03624.wav,Bass_drum Snare_drum Hi-hat
abf29673.wav,Oboe Saxophone Clarinet
ac4477b8.wav,Snare_drum Bass_drum Cowbell
ac755dd6.wav,Oboe Harmonica Squeak
ac822579.wav,Fart Flute Laughter
ac909b62.wav,Tambourine Laughter Burping_or_eructation
acb33e73.wav,Oboe Cello Burping_or_eructation
acd9adb9.wav,Snare_drum Bass_drum Tambourine
acdcfb8f.wav,Electric_piano Trumpet Violin_or_fiddle
ad142ed0.wav,Laughter Cello Squeak
ad5821b3.wav,Tambourine Squeak Laughter
ad814adf.wav,Oboe Saxophone Clarinet
adbf84f5.wav,Clarinet Oboe Saxophone
ae1e828a.wav,Cowbell Snare_drum Bass_drum
ae23366f.wav,Hi-hat Tambourine Gong
ae331164.wav,Burping_or_eructation Tambourine Squeak
ae58af6d.wav,Applause Fireworks Fart
aeade423.wav,Tambourine Squeak Writing
aeb8716a.wav,Bass_drum Hi-hat Tambourine
aebe749b.wav,Laughter Fart Tambourine
af0ae5a0.wav,Bass_drum Snare_drum Hi-hat
af1a32e1.wav,Laughter Squeak Tambourine
af43843d.wav,Oboe Squeak Burping_or_eructation
af44663e.wav,Hi-hat Tambourine Bass_drum
af588819.wav,Hi-hat Tambourine Bass_drum
af70136f.wav,Burping_or_eructation Squeak Shatter
af728aaf.wav,Oboe Squeak Tambourine
af894f32.wav,Clarinet Oboe Cello
afb0323a.wav,Clarinet Saxophone Laughter
affa1b00.wav,Saxophone Flute Oboe
b05ac4fc.wav,Oboe Flute Clarinet
b0751f20.wav,Burping_or_eructation Squeak Tambourine
b0898c92.wav,Tearing Bass_drum Knock
b0efba86.wav,Oboe Clarinet Saxophone
b113ef5c.wav,Bass_drum Snare_drum Tearing
b124d6f9.wav,Saxophone Telephone Laughter
b1428412.wav,Keys_jangling Knock Hi-hat
b16f66a5.wav,Squeak Tambourine Fart
b18706e8.wav,Squeak Laughter Tambourine
b1b41c63.wav,Double_bass Cello Electric_piano
b1b4ca7e.wav,Tambourine Snare_drum Burping_or_eructation
b1c42922.wav,Cello Acoustic_guitar Double_bass
b1fc874b.wav,Tambourine Hi-hat Bass_drum
b1fd238a.wav,Oboe Saxophone Clarinet
b212832d.wav,Applause Fireworks Fart
b2319798.wav,Laughter Fart Squeak
b25fcbc1.wav,Tambourine Shatter Burping_or_eructation
b27400cc.wav,Clarinet Saxophone Oboe
b290f28b.wav,Snare_drum Bass_drum Cowbell
b292cc33.wav,Snare_drum Bass_drum Cowbell
b299170c.wav,Tambourine Hi-hat Fart
b2a232ab.wav,Hi-hat Bass_drum Snare_drum
b2e8642e.wav,Cello Double_bass Acoustic_guitar
b374f39a.wav,Laughter Tambourine Squeak
b3a6714b.wav,Hi-hat Bark Laughter
b3b80eb6.wav,Laughter Squeak Tambourine
b3d4dd33.wav,Oboe Clarinet Saxophone
b3eaac5a.wav,Cello Double_bass Laughter
b3f95242.wav,Oboe Double_bass Cello
b416d2a7.wav,Laughter Tambourine Squeak
b418dcc1.wav,Cello Double_bass Acoustic_guitar
b44a7aea.wav,Double_bass Cello Electric_piano
b4719dc1.wav,Oboe Clarinet Saxophone
b4aaa0bb.wav,Oboe Clarinet Squeak
b4c9b8c7.wav,Tambourine Bass_drum Hi-hat
b4e8b943.wav,Cowbell Hi-hat Double_bass
b4eb0468.wav,Cello Double_bass Acoustic_guitar
b509697d.wav,Oboe Cello Saxophone
b51bb236.wav,Clarinet Oboe Saxophone
b558734e.wav,Bass_drum Hi-hat Tambourine
b63d2dd9.wav,Tambourine Bass_drum Cello
b6622ae5.wav,Squeak Laughter Tambourine
b6639217.wav,Tambourine Hi-hat Burping_or_eructation
b66cffa2.wav,Snare_drum Tambourine Cowbell
b66e6cb2.wav,Oboe Saxophone Cello
b68f6fc8.wav,Saxophone Clarinet Flute
b6dc900b.wav,Tambourine Squeak Hi-hat
b6f5b9d4.wav,Oboe Clarinet Saxophone
b73ce56b.wav,Squeak Fireworks Fart
b778d45e.wav,Laughter Fart Squeak
b795119f.wav,Oboe Violin_or_fiddle Saxophone
b80565b4.wav,Tambourine Squeak Laughter
b8083654.wav,Tambourine Hi-hat Squeak
b80a41ad.wav,Cowbell Bass_drum Snare_drum
b81dd0c2.wav,Squeak Tambourine Shatter
b82a18d6.wav,Tambourine Burping_or_eructation Shatter
b8456dd4.wav,Oboe Squeak Laughter
b84bad83.wav,Clarinet Saxophone Oboe
b84ceb6c.wav,Tambourine Hi-hat Bass_drum
b862ed8b.wav,Laughter Squeak Applause
b8ae388a.wav,Cello Cowbell Writing
b8dc7f65.wav,Oboe Saxophone Clarinet
b8e5173e.wav,Laughter Fart Squeak
b9465744.wav,Snare_drum Bass_drum Cowbell
b99c77a5.wav,Tambourine Snare_drum Cowbell
b9ea68ec.wav,Oboe Saxophone Clarinet
b9f3e65d.wav,Oboe Saxophone Clarinet
ba0a46b9.wav,Keys_jangling Knock Tambourine
ba121fa8.wav,Oboe Saxophone Clarinet
ba3afdb2.wav,Clarinet Oboe Saxophone
ba4aef44.wav,Fart Cello Squeak
ba696ee8.wav,Hi-hat Bass_drum Electric_piano
ba732e45.wav,Laughter Chime Fart
ba873ba8.wav,Tambourine Shatter Knock
ba9443c7.wav,Oboe Saxophone Violin_or_fiddle
bb3afddd.wav,Clarinet Oboe Saxophone
bb568be5.wav,Fart Squeak Applause
bbc360cb.wav,Squeak Laughter Applause
bbdeac4e.wav,Oboe Saxophone Trumpet
bbe1a14c.wav,Tambourine Burping_or_eructation Squeak
bbf97aa9.wav,Oboe Clarinet Flute
bc0cd163.wav,Laughter Squeak Fart
bc0d54b5.wav,Oboe Saxophone Trumpet
bc2cc241.wav,Oboe Clarinet Saxophone
bc34f748.wav,Oboe Saxophone Trumpet
bc57d17d.wav,Cello Acoustic_guitar Fart
bc58fae1.wav,Bass_drum Snare_drum Hi-hat
bc89b9ec.wav,Tambourine Fart Hi-hat
bc9c55c2.wav,Snare_drum Bass_drum Cowbell
bc9ecaac.wav,Applause Fireworks Fart
bd062294.wav,Double_bass Cello Acoustic_guitar
bd0a9017.wav,Knock Keys_jangling Bark
bd772d30.wav,Tambourine Squeak Keys_jangling
bdc28adc.wav,Oboe Saxophone Clarinet
bdc3a110.wav,Squeak Laughter Fart
bdee019c.wav,Fart Laughter Squeak
be09bb9d.wav,Saxophone Trumpet Clarinet
be264bf2.wav,Squeak Tambourine Keys_jangling
be437c69.wav,Cello Double_bass Acoustic_guitar
be7277bc.wav,Cello Double_bass Acoustic_guitar
be8f6c7c.wav,Snare_drum Tambourine Hi-hat
be92929b.wav,Laughter Fart Chime
be977e89.wav,Laughter Squeak Tambourine
be97f271.wav,Fart Applause Fireworks
bea3dcfa.wav,Tambourine Snare_drum Cowbell
bee570da.wav,Oboe Clarinet Saxophone
bee6c09a.wav,Applause Fart Fireworks
bef2e832.wav,Keys_jangling Burping_or_eructation Knock
bef40206.wav,Oboe Saxophone Violin_or_fiddle
bf05bec8.wav,Laughter Tambourine Writing
bf0dc1b9.wav,Squeak Writing Fireworks
bf12e1fd.wav,Laughter Applause Squeak
bf698a07.wav,Snare_drum Bass_drum Hi-hat
bf72b23f.wav,Clarinet Laughter Flute
bf8375fc.wav,Burping_or_eructation Tambourine Bass_drum
bfb167e0.wav,Tambourine Keys_jangling Squeak
bfb8d9eb.wav,Squeak Tambourine Burping_or_eructation
bfd90a5f.wav,Laughter Squeak Fart
bff955c6.wav,Burping_or_eructation Squeak Tambourine
c029b799.wav,Burping_or_eructation Laughter Squeak
c0933f1f.wav,Snare_drum Cowbell Bass_drum
c0b5ac20.wav,Oboe Clarinet Flute
c0f3b6a8.wav,Oboe Clarinet Squeak
c0fe39ac.wav,Oboe Squeak Clarinet
c10f216b.wav,Tambourine Cough Burping_or_eructation
c14b528c.wav,Burping_or_eructation Tambourine Tearing
c159bdbb.wav,Cello Acoustic_guitar Double_bass
c161f5a7.wav,Oboe Clarinet Cello
c1828369.wav,Snare_drum Bass_drum Hi-hat
c194eded.wav,Tambourine Keys_jangling Drawer_open_or_close
c1b721a1.wav,Snare_drum Cowbell Bass_drum
c20aac7f.wav,Squeak Burping_or_eructation Laughter
c22a36bd.wav,Squeak Burping_or_eructation Tambourine
c25bf513.wav,Telephone Oboe Laughter
c28ae479.wav,Tambourine Snare_drum Burping_or_eructation
c28b7984.wav,Snare_drum Cowbell Bass_drum
c295a81b.wav,Tambourine Snare_drum Burping_or_eructation
c2c5c966.wav,Tambourine Hi-hat Knock
c2dbf201.wav,Chime Squeak Laughter
c2de2233.wav,Burping_or_eructation Tambourine Squeak
c2ef914d.wav,Snare_drum Bass_drum Cowbell
c36a59f9.wav,Cello Fart Acoustic_guitar
c37eaf5c.wav,Cello Double_bass Acoustic_guitar
c3850244.wav,Tambourine Burping_or_eructation Applause
c3bc8ef9.wav,Squeak Laughter Writing
c3c0d19a.wav,Snare_drum Cowbell Tambourine
c43d2146.wav,Tambourine Squeak Laughter
c47b9a51.wav,Applause Fireworks Tambourine
c4901490.wav,Oboe Clarinet Saxophone
c5869407.wav,Tambourine Snare_drum Hi-hat
c590b377.wav,Oboe Violin_or_fiddle Saxophone
c5a307f5.wav,Laughter Fart Fireworks
c5ee7298.wav,Oboe Saxophone Clarinet
c681ec18.wav,Laughter Tambourine Harmonica
c68fa34a.wav,Cello Double_bass Acoustic_guitar
c69955e7.wav,Tambourine Burping_or_eructation Shatter
c6abd566.wav,Burping_or_eructation Tambourine Shatter
c6c86c7e.wav,Tambourine Hi-hat Knock
c6c8d2e9.wav,Hi-hat Bass_drum Tambourine
c6d8f5e0.wav,Oboe Saxophone Clarinet
c71d4dca.wav,Oboe Clarinet Saxophone
c71ffabf.wav,Double_bass Cello Writing
c7398e6a.wav,Squeak Shatter Burping_or_eructation
c74581f9.wav,Tambourine Squeak Burping_or_eructation
c769700d.wav,Cowbell Tambourine Bus
c7aa4025.wav,Tambourine Squeak Burping_or_eructation
c7b3c09e.wav,Knock Keys_jangling Squeak
c7cb0756.wav,Oboe Clarinet Saxophone
c7cc4642.wav,Squeak Laughter Oboe
c810043d.wav,Tambourine Squeak Hi-hat
c8817351.wav,Oboe Clarinet Flute
c8adbde3.wav,Squeak Laughter Tearing
c8fa5db4.wav,Cello Acoustic_guitar Fart
c92a3475.wav,Tambourine Snare_drum Cowbell
c949e9e5.wav,Cello Acoustic_guitar Double_bass
c95aa254.wav,Applause Laughter Squeak
c967660f.wav,Applause Fireworks Fart
c996ca4c.wav,Oboe Cello Cowbell
c998d466.wav,Cello Double_bass Acoustic_guitar
c9aa3c62.wav,Tambourine Hi-hat Knock
c9e0106a.wav,Snare_drum Bass_drum Hi-hat
c9e0c8d1.wav,Cello Double_bass Burping_or_eructation
c9e9eda5.wav,Bass_drum Hi-hat Snare_drum
ca087c9a.wav,Applause Fart Laughter
ca23f652.wav,Laughter Hi-hat Tambourine
ca518ffa.wav,Clarinet Oboe Flute
ca70cef8.wav,Oboe Clarinet Saxophone
cabee68d.wav,Telephone Gong Clarinet
cae702e8.wav,Hi-hat Snare_drum Bass_drum
cb64bba5.wav,Cello Saxophone Oboe
cb84bad3.wav,Tambourine Tearing Hi-hat
cb859549.wav,Burping_or_eructation Tambourine Hi-hat
cb910861.wav,Laughter Fart Fireworks
cbc6e28a.wav,Tambourine Squeak Laughter
cbd6b37c.wav,Snare_drum Bass_drum Hi-hat
cbd6fa7c.wav,Oboe Saxophone Violin_or_fiddle
cc024474.wav,Cello Squeak Burping_or_eructation
cc1f92f9.wav,Cello Acoustic_guitar Gong
cc4c0739.wav,Tambourine Burping_or_eructation Shatter
cc60615b.wav,Burping_or_eructation Tambourine Squeak
cc7ba40a.wav,Oboe Saxophone Cello
cc88d96e.wav,Laughter Tambourine Squeak
cc8a484c.wav,Gong Flute Clarinet
cca828c5.wav,Clarinet Oboe Flute
cce9ee09.wav,Hi-hat Laughter Tambourine
cd0c2a96.wav,Oboe Saxophone Clarinet
cd6dd770.wav,Oboe Saxophone Violin_or_fiddle
cdfe1fa9.wav,Laughter Fart Squeak
ce06a3ca.wav,Flute Clarinet Oboe
ce6859a8.wav,Oboe Saxophone Clarinet
ce9c1ce8.wav,Snare_drum Cowbell Bass_drum
cea165f8.wav,Laughter Fart Squeak
cee063a7.wav,Knock Snare_drum Shatter
ceef96eb.wav,Laughter Squeak Fart
cf156f7d.wav,Oboe Saxophone Clarinet
cf2c1168.wav,Oboe Clarinet Saxophone
cf3f6594.wav,Cello Electric_piano Saxophone
cf510fc8.wav,Tambourine Hi-hat Fart
cf655c72.wav,Oboe Trumpet Saxophone
cf9fa471.wav,Oboe Squeak Violin_or_fiddle
cfadac1f.wav,Gong Hi-hat Electric_piano
cfc16683.wav,Snare_drum Bass_drum Tambourine
cfc20796.wav,Bass_drum Snare_drum Hi-hat
cfc2388d.wav,Bass_drum Hi-hat Tambourine
d001e455.wav,Burping_or_eructation Tambourine Snare_drum
d02c2598.wav,Squeak Applause Writing
d0893bc2.wav,Bass_drum Snare_drum Tambourine
d09374f6.wav,Tambourine Hi-hat Cowbell
d0a1d8f7.wav,Cello Flute Fart
d0be1421.wav,Squeak Laughter Burping_or_eructation
d0c91340.wav,Oboe Saxophone Violin_or_fiddle
d0cd7cf4.wav,Squeak Tambourine Burping_or_eructation
d129bdd6.wav,Laughter Telephone Fireworks
d1400cef.wav,Snare_drum Bass_drum Cowbell
d16ca5cd.wav,Laughter Telephone Oboe
d1ee15b3.wav,Laughter Fart Fireworks
d202bb43.wav,Oboe Violin_or_fiddle Saxophone
d256e250.wav,Clarinet Oboe Flute
d290f44f.wav,Laughter Fart Squeak
d2ad2076.wav,Oboe Clarinet Flute
d2b5382b.wav,Oboe Cello Violin_or_fiddle
d300a533.wav,Telephone Fireworks Laughter
d3260470.wav,Cough Tambourine Saxophone
d3869bfb.wav,Tambourine Hi-hat Bass_drum
d38d7ebf.wav,Oboe Saxophone Clarinet
d3945cfc.wav,Tambourine Hi-hat Bass_drum
d3fe26a1.wav,Oboe Flute Clarinet
d4363c06.wav,Laughter Squeak Burping_or_eructation
d4ad4ca9.wav,Squeak Shatter Tambourine
d4b11bd7.wav,Applause Bus Squeak
d4d395ee.wav,Laughter Chime Squeak
d4e0f124.wav,Oboe Squeak Burping_or_eructation
d4e15f25.wav,Saxophone Oboe Clarinet
d53b1b89.wav,Cello Acoustic_guitar Double_bass
d5479db2.wav,Squeak Applause Fart
d5486a44.wav,Tambourine Hi-hat Bass_drum
d593ed57.wav,Snare_drum Bass_drum Tambourine
d5a90c14.wav,Tambourine Burping_or_eructation Hi-hat
d5ab8880.wav,Cello Double_bass Acoustic_guitar
d5f8a25d.wav,Laughter Fart Telephone
d6055d26.wav,Keys_jangling Drawer_open_or_close Knock
d618ccf7.wav,Double_bass Cello Acoustic_guitar
d63fe4b7.wav,Snare_drum Bass_drum Hi-hat
d6afd652.wav,Snare_drum Hi-hat Bass_drum
d6c150c6.wav,Squeak Laughter Fart
d6ea15c3.wav,Tambourine Cowbell Snare_drum
d7042a7a.wav,Cello Saxophone Laughter
d73f4f11.wav,Oboe Clarinet Saxophone
d798f941.wav,Squeak Laughter Writing
d7ad7cda.wav,Oboe Clarinet Flute
d7b3fe53.wav,Tambourine Squeak Laughter
d7b731c9.wav,Applause Fireworks Fart
d7dbe619.wav,Laughter Fart Fireworks
d7e886f9.wav,Burping_or_eructation Tambourine Laughter
d80e3d8e.wav,Tambourine Burping_or_eructation Hi-hat
d8308d44.wav,Oboe Laughter Flute
d833a5d3.wav,Oboe Clarinet Saxophone
d835b7ea.wav,Clarinet Flute Oboe
d84358f2.wav,Harmonica Flute Tambourine
d86acdda.wav,Cello Double_bass Acoustic_guitar
d86d62ff.wav,Bark Gong Laughter
d89486f1.wav,Laughter Squeak Tambourine
d8a5405f.wav,Double_bass Electric_piano Gong
d8bd5749.wav,Snare_drum Tambourine Burping_or_eructation
d8f8c95d.wav,Saxophone Trumpet Violin_or_fiddle
d8fcc6a7.wav,Burping_or_eructation Tambourine Shatter
d906c3e1.wav,Tambourine Hi-hat Shatter
d90d0204.wav,Bass_drum Snare_drum Cowbell
d91a7905.wav,Oboe Clarinet Saxophone
d9218f57.wav,Burping_or_eructation Tambourine Squeak
d922f831.wav,Tambourine Hi-hat Knock
d97de818.wav,Oboe Saxophone Violin_or_fiddle
da0a9d6d.wav,Oboe Squeak Laughter
da0d5d08.wav,Cello Acoustic_guitar Double_bass
da25f8e0.wav,Snare_drum Bass_drum Knock
da303aa2.wav,Oboe Violin_or_fiddle Saxophone
da33f9e9.wav,Oboe Clarinet Saxophone
da49415f.wav,Keys_jangling Knock Drawer_open_or_close
da543326.wav,Cello Oboe Violin_or_fiddle
daad94be.wav,Oboe Harmonica Laughter
dad459c3.wav,Snare_drum Cowbell Bass_drum
daf97535.wav,Squeak Oboe Tambourine
db3fabc3.wav,Fart Laughter Cello
db434d06.wav,Saxophone Clarinet Oboe
db662201.wav,Tambourine Hi-hat Knock
db8fb7dd.wav,Oboe Squeak Electric_piano
dbd4e519.wav,Cello Gong Electric_piano
dbde9242.wav,Snare_drum Cowbell Tambourine
dc16466b.wav,Clarinet Saxophone Oboe
dc1dc06d.wav,Hi-hat Snare_drum Shatter
dc5896a3.wav,Bass_drum Snare_drum Knock
dc64686e.wav,Burping_or_eructation Shatter Tambourine
dce36540.wav,Clarinet Flute Oboe
dceaa645.wav,Oboe Clarinet Squeak
dd07144f.wav,Tambourine Hi-hat Bark
dd95828a.wav,Saxophone Oboe Cello
de1246d6.wav,Saxophone Oboe Clarinet
de2542e2.wav,Saxophone Trumpet Flute
de8ce59b.wav,Keys_jangling Drawer_open_or_close Tambourine
de949e03.wav,Double_bass Cello Acoustic_guitar
df0ea972.wav,Hi-hat Tambourine Burping_or_eructation
df645d4a.wav,Applause Fart Fireworks
df7a5de3.wav,Snare_drum Tambourine Cowbell
dfa20dc8.wav,Clarinet Oboe Laughter
dfbc9586.wav,Squeak Fart Tambourine
dfec892c.wav,Squeak Applause Laughter
e02910e8.wav,Clarinet Flute Saxophone
e06b1539.wav,Laughter Squeak Burping_or_eructation
e0802994.wav,Burping_or_eructation Squeak Tambourine
e0d96e55.wav,Laughter Fart Tearing
e103173b.wav,Burping_or_eructation Tambourine Shatter
e1145387.wav,Burping_or_eructation Tambourine Hi-hat
e1611806.wav,Burping_or_eructation Tambourine Squeak
e19618a0.wav,Writing Laughter Burping_or_eructation
e26962f7.wav,Clarinet Saxophone Oboe
e269a6c9.wav,Squeak Burping_or_eructation Shatter
e269cdb6.wav,Laughter Fart Squeak
e2c7b0c7.wav,Snare_drum Hi-hat Tambourine
e2e69418.wav,Burping_or_eructation Squeak Keys_jangling
e35f12f0.wav,Oboe Clarinet Flute
e3c90a56.wav,Tambourine Keys_jangling Drawer_open_or_close
e3f34b81.wav,Oboe Squeak Laughter
e42e694c.wav,Snare_drum Hi-hat Bass_drum
e45de6c1.wav,Snare_drum Cowbell Bass_drum
e472d18b.wav,Laughter Tambourine Meow
e48176ee.wav,Oboe Saxophone Trumpet
e481fcef.wav,Double_bass Cello Bass_drum
e4d51a78.wav,Snare_drum Tambourine Bass_drum
e51d02bc.wav,Tambourine Burping_or_eructation Cowbell
e52a2307.wav,Laughter Harmonica Telephone
e52d2253.wav,Cello Fart Acoustic_guitar
e53df098.wav,Laughter Squeak Tearing
e5ec0d52.wav,Tambourine Burping_or_eructation Squeak
e5f750d1.wav,Clarinet Flute Oboe
e5fffe52.wav,Keys_jangling Bass_drum Knock
e61dfe87.wav,Laughter Fart Squeak
e68bd9bf.wav,Laughter Squeak Chime
e6dcc36d.wav,Tambourine Hi-hat Snare_drum
e6eb9ec4.wav,Saxophone Trumpet Oboe
e71c7193.wav,Laughter Squeak Fart
e752abed.wav,Hi-hat Tambourine Fart
e75b4e5b.wav,Burping_or_eructation Double_bass Cowbell
e769bae1.wav,Tambourine Burping_or_eructation Hi-hat
e77f8846.wav,Double_bass Clarinet Electric_piano
e78be583.wav,Double_bass Electric_piano Burping_or_eructation
e7b5ee52.wav,Laughter Fireworks Applause
e7b6a225.wav,Laughter Telephone Writing
e7c9bcc6.wav,Clarinet Oboe Saxophone
e7dfd1f3.wav,Laughter Squeak Fart
e8854b0e.wav,Tambourine Hi-hat Knock
e89089ee.wav,Laughter Chime Squeak
e92a2aa1.wav,Double_bass Electric_piano Tambourine
e934d467.wav,Tambourine Squeak Hi-hat
e9431311.wav,Oboe Clarinet Saxophone
e94a8dd2.wav,Laughter Tambourine Squeak
e9561a4a.wav,Saxophone Trumpet Flute
e97fbc54.wav,Laughter Squeak Burping_or_eructation
e9938792.wav,Oboe Saxophone Clarinet
e9b6db58.wav,Burping_or_eructation Tambourine Shatter
e9de0efa.wav,Tambourine Hi-hat Snare_drum
ea14cf6b.wav,Oboe Clarinet Saxophone
eadaf6b6.wav,Squeak Tambourine Burping_or_eructation
eaf6699d.wav,Squeak Laughter Fart
eb13babe.wav,Burping_or_eructation Tambourine Shatter
ebd41dba.wav,Cello Double_bass Gong
ebe0b4db.wav,Clarinet Flute Oboe
ec012da0.wav,Laughter Applause Squeak
ec0c4d2e.wav,Saxophone Oboe Trumpet
ec2b584c.wav,Oboe Saxophone Clarinet
ec3a44f8.wav,Keys_jangling Hi-hat Electric_piano
ec683036.wav,Double_bass Bass_drum Tearing
ec8c2792.wav,Tambourine Hi-hat Shatter
ecd9337c.wav,Tambourine Burping_or_eructation Shatter
ed2802db.wav,Oboe Clarinet Saxophone
ed2e9480.wav,Cello Clarinet Cowbell
ed376cdc.wav,Oboe Violin_or_fiddle Saxophone
ed5d4897.wav,Squeak Laughter Writing
ed9385de.wav,Oboe Cello Saxophone
edc01573.wav,Applause Fart Laughter
ee15464b.wav,Clarinet Saxophone Cello
ee459aaf.wav,Burping_or_eructation Tambourine Shatter
ee68ada2.wav,Bass_drum Snare_drum Knock
ee93721d.wav,Clarinet Oboe Saxophone
ee9f51a0.wav,Applause Fireworks Fart
eea2fb52.wav,Laughter Squeak Fart
efa4618b.wav,Cello Acoustic_guitar Double_bass
efe4ee16.wav,Squeak Tambourine Tearing
f04b9a80.wav,Cowbell Bass_drum Double_bass
f05791ca.wav,Keys_jangling Knock Hi-hat
f08089a0.wav,Oboe Squeak Tearing
f08313da.wav,Squeak Fireworks Applause
f0a8bcac.wav,Cello Laughter Acoustic_guitar
f0ccf0ad.wav,Tambourine Snare_drum Bass_drum
f0cd3b22.wav,Applause Fireworks Fart
f0d5373d.wav,Snare_drum Tambourine Burping_or_eructation
f0f06c4b.wav,Bass_drum Burping_or_eructation Tambourine
f17ce543.wav,Cello Double_bass Acoustic_guitar
f18790fe.wav,Tambourine Hi-hat Knock
f1906c3d.wav,Squeak Fart Laughter
f1c27002.wav,Tambourine Hi-hat Fart
f22b0be7.wav,Snare_drum Bass_drum Tambourine
f22e9699.wav,Applause Fart Fireworks
f26f9711.wav,Tambourine Hi-hat Squeak
f2be783d.wav,Laughter Fart Squeak
f2bf7e84.wav,Snare_drum Bass_drum Burping_or_eructation
f305a054.wav,Oboe Trumpet Clarinet
f330bf67.wav,Oboe Clarinet Flute
f35775ce.wav,Laughter Squeak Fart
f36cfcb5.wav,Applause Fireworks Fart
f3ab1ef3.wav,Snare_drum Bass_drum Hi-hat
f3dc4e70.wav,Fart Laughter Fireworks
f43f193a.wav,Squeak Applause Writing
f45176ff.wav,Oboe Cello Saxophone
f49ba3a9.wav,Laughter Writing Hi-hat
f4ad1785.wav,Bus Cowbell Tambourine
f4b04a05.wav,Squeak Tambourine Laughter
f4deed2a.wav,Clarinet Flute Oboe
f4e4574e.wav,Cello Gong Oboe
f50df1a4.wav,Laughter Applause Fireworks
f52523f9.wav,Oboe Laughter Squeak
f5311216.wav,Laughter Fireworks Telephone
f54da152.wav,Tambourine Bus Cowbell
f5c51456.wav,Burping_or_eructation Tambourine Squeak
f5d2eea4.wav,Oboe Saxophone Cello
f5dd877a.wav,Laughter Saxophone Flute
f6129f6b.wav,Laughter Chime Squeak
f62211dc.wav,Snare_drum Burping_or_eructation Tambourine
f6810709.wav,Laughter Applause Squeak
f6a3ee71.wav,Snare_drum Burping_or_eructation Tambourine
f6ae1e9c.wav,Squeak Tearing Tambourine
f6d42b78.wav,Cello Fart Squeak
f6d67e6c.wav,Snare_drum Cowbell Bass_drum
f777f610.wav,Snare_drum Bass_drum Cowbell
f7a95cdc.wav,Keys_jangling Knock Tambourine
f7eaa48b.wav,Burping_or_eructation Tambourine Snare_drum
f8080b32.wav,Snare_drum Burping_or_eructation Bass_drum
f80a4ff8.wav,Tambourine Hi-hat Bass_drum
f80f48e8.wav,Applause Burping_or_eructation Shatter
f8128d63.wav,Knock Squeak Shatter
f819b0d1.wav,Fart Applause Fireworks
f85a25b7.wav,Clarinet Oboe Saxophone
f87ab566.wav,Clarinet Saxophone Cello
f8a388b3.wav,Bass_drum Oboe Saxophone
f8b71082.wav,Tambourine Keys_jangling Tearing
f8e1e10f.wav,Oboe Laughter Clarinet
f8eadaaf.wav,Clarinet Oboe Flute
f8fb3da3.wav,Clarinet Saxophone Oboe
f90ae625.wav,Laughter Chime Fart
f93b467d.wav,Hi-hat Cello Snare_drum
f98c8231.wav,Applause Tambourine Shatter
f991465b.wav,Cello Double_bass Acoustic_guitar
f9e73570.wav,Shatter Squeak Cowbell
fa2fa9ae.wav,Shatter Knock Electric_piano
fa43fdd8.wav,Oboe Clarinet Saxophone
fa45b631.wav,Oboe Saxophone Trumpet
fa6c3248.wav,Burping_or_eructation Tambourine Tearing
faa76917.wav,Cello Saxophone Oboe
fac25bd4.wav,Laughter Squeak Oboe
fad0ea2e.wav,Hi-hat Tambourine Saxophone
faef306c.wav,Tambourine Laughter Writing
fb117dad.wav,Fart Laughter Squeak
fb4aed88.wav,Oboe Saxophone Cello
fb84a793.wav,Oboe Saxophone Clarinet
fba0d044.wav,Tambourine Hi-hat Bass_drum
fbc83b12.wav,Cello Acoustic_guitar Double_bass
fbd280bc.wav,Laughter Fart Tambourine
fbe0bc84.wav,Tambourine Snare_drum Cough
fbf1ed93.wav,Oboe Saxophone Violin_or_fiddle
fc0ab9f4.wav,Oboe Saxophone Clarinet
fc6cefea.wav,Laughter Fart Telephone
fc862923.wav,Snare_drum Cowbell Bass_drum
fca3a926.wav,Knock Shatter Bark
fcb11f8f.wav,Saxophone Trumpet Clarinet
fcd8fe9e.wav,Tambourine Squeak Burping_or_eructation
fce8e9f6.wav,Tambourine Hi-hat Squeak
fd346587.wav,Squeak Tambourine Laughter
fd3e7f3c.wav,Tambourine Squeak Writing
fd408633.wav,Oboe Clarinet Saxophone
fd576268.wav,Tambourine Hi-hat Knock
fd6430d6.wav,Squeak Laughter Tambourine
fde27f1f.wav,Cello Double_bass Acoustic_guitar
fe04bfe5.wav,Fireworks Squeak Fart
fe14e431.wav,Tambourine Laughter Squeak
fe747b60.wav,Drawer_open_or_close Keys_jangling Glockenspiel
fe995ee3.wav,Laughter Telephone Fireworks
fea0565a.wav,Squeak Laughter Tambourine
feaffb2e.wav,Cowbell Bass_drum Double_bass
feca9a9e.wav,Knock Bark Burping_or_eructation
fed5f0e6.wav,Bass_drum Cowbell Double_bass
ff1e6d63.wav,Oboe Saxophone Squeak
ff5285a5.wav,Cello Acoustic_guitar Double_bass
ff720526.wav,Hi-hat Snare_drum Gong
ff812cf5.wav,Bass_drum Snare_drum Cowbell
ff81cc5d.wav,Trumpet Flute Saxophone
ff8c555d.wav,Burping_or_eructation Shatter Tambourine
ff8cfb2d.wav,Tambourine Electric_piano Squeak
ff96680f.wav,Oboe Flute Clarinet
ffa69cfc.wav,Saxophone Oboe Clarinet
ffaca82d.wav,Keys_jangling Knock Shatter
ffb6eb52.wav,Tambourine Hi-hat Knock
ffba7963.wav,Clarinet Saxophone Oboe
